record_id,eppi_record_id,first_author,publication_year,article_title,study_design,pain_type,pain_contexts,pain_measurements,sample_size,sample_size_basis,participant_sex,country,who_region,pharmaceutical_form,menthol_concentration,application_site,co_intervention,comparator,efficacy_result_count,efficacy_effect_estimate_count,efficacy_effect_estimate_with_precision_count,study_registration,adverse_event_reporting,adverse_event_details
R001,97950143,Akbari,2014,Effects of menthol essence and breast milk on the improvement of nipple fissures in breastfeeding women,Parallel groups,Pain associated with nipple fissures,Pre-existing: Breastfeeding,Intensity: VAS,110,randomised,Female,Iran,EMR,NI,NI,Nipple; Areola,N/A,"Own breast milk, four drops on nipple and areola after each feeding, designated control/placebo [Control: Nominal placebo/masking]; Pre-treatment assessment on postpartum day 3 [Control: Pre-intervention baseline]",5,4,1,No sufficiently matched public registry record located,NI,NI
R002,99031310,Field,2014,Massage therapy plus topical analgesic is more effective than massage alone for hand arthritis pain,Parallel groups,Hand arthritis pain,Pre-existing: Arthritis,Intensity: VAS,20,randomised,Female,United States,AMR,Gel,4% menthol (basis not reported) [Purpose: Therapeutic],Wrist; Hand,Moderate-pressure massage (weekly therapist massage and daily self-massage),"Massage alone (same therapist and self-massage regimen, no added topical analgesic) [Control: No treatment]; Before first massage and topical analgesic session [Control: Pre-intervention baseline]; Before last massage and topical analgesic session (following preceding treatment) [Control: Pre-intervention baseline]",1,1,1,No sufficiently matched public registry record located,NI,NI
R003,99454837,Fritz,2020,Applying a menthol pain reliever prior to strength training reduces chronic low back pain and increases functional capacity in overweight or obese older adult,Parallel groups,Chronic non-specific low back pain without peripheral radiation,Pre-existing: Low back,Intensity: VAS; Pain-related disability: ODI,35,randomised,Female,Chile,AMR,Gel,NI,Lumbar area from T12 to L5,Supervised progressive resistance training with elastic bands,"Menthol-free placebo gel with the same resistance training [Control: Nominal placebo/masking]; No training or study gel, usual daily activities maintained [Control: No treatment]; Phase 1 pre-intervention baseline [Control: Pre-intervention baseline]; Phase 2 pre-intervention baseline after 12 weeks of detraining [Control: Pre-intervention baseline]",6,6,6,No sufficiently matched public registry record located,Limited or unclear information,"The authors report no participant-reported harm, worsening of baseline health, or injury due to the intervention programme throughout the study, and no adverse effects or dropouts associated with incorrect exercise practice in either training group. However, they also attribute low-attendance exclusions to unspecified medical causes considered unrelated to the intervention. Figure 2 records phase 1 attendance-related losses of one RTM participant and two RTP participants, but does not identify their medical conditions or timing relative to gel exposure. It also records temporary unavailability and no intervention discontinuations. These statements and incompletely described health-related exclusions do not establish an overall absence of adverse events."
R004,97950226,Gillis,2020,Influence of Menthol on Recovery From Exercise-Induced Muscle Damage,Parallel groups,Exercise-induced lower-body muscle soreness; Pressure-evoked muscle pain,Induced: Exercise; Induced: Pressure,Intensity: LMS; Intensity: NRS,47,randomised,Male,United States,AMR,Gel,4% menthol (basis not reported) [Purpose: Therapeutic],Quadriceps; Hamstrings; Calf; Soleus,Standardised pre-testing warm-up; Trace camphor in both gels (perceptual contribution uncertain),"No gel application [Control: No treatment]; Placebo gel containing no menthol and trace camphor, 30 mL twice daily [Control: Nominal placebo/masking]; Week 1 baseline from three familiarisation visits, before muscle damage and gel application [Control: Pre-intervention baseline]",5,5,0,No sufficiently matched public registry record located,NI,NI
R005,97950408,Johar,2012,"A comparison of topical menthol to ice on pain, evoked tetanic and voluntary force during delayed onset muscle soreness",Parallel groups,Delayed onset muscle soreness; Pain during electrically evoked tetanic contractions,Induced: Exercise; Induced: Electrical,Intensity: VAS; Pain tolerance: Force measurement,16,randomised,Mixed,Canada,AMR,Gel,3.5% menthol (basis not reported) [Purpose: Therapeutic],Skin over the belly of the non-dominant left biceps brachii,N/A,0.5 kg crushed ice in a plastic bag over the non-dominant biceps brachii for 20 minutes [Therapeutic: Ice]; T1 baseline before DOMS induction and study treatment [Control: Pre-intervention baseline],7,6,0,No sufficiently matched public registry record located,NI,NI
R006,97950304,Keshavarzian,2017,Comparison of the Effect of Topical Application of Rosemary and Menthol for Musculoskeletal Pain in Hemodialysis Patients,Parallel groups,Musculoskeletal pain in the lower extremities,Pre-existing: Haemodialysis treatment,Intensity: NRS; Pain recurrence: NI,105,randomised,Mixed,Iran,EMR,Solution,5% menthol (basis not reported) [Purpose: Therapeutic],Painful sites on the legs; Inside of the upper arm without vascular access (allergy testing),Haemodialysis; NI (concomitant analgesic regimen),"Pre-intervention assessment in the menthol group [Control: Pre-intervention baseline]; Rosemary spray, 2 puffs three times daily for 3 days [Therapeutic: Rosemary]; Hygienic Vaseline ointment, three times daily for 3 days [Control: Nominal placebo/masking]",6,3,3,Retrospective,Limited or unclear information,"The authors report that none of the participants had allergic reactions to the study medications and that all 105 participants completed the study. The menthol arm contained 35 participants. Methods describe an upper-arm application checked after 24 hours for itchiness, irritation, redness, rash, and burning, followed by daily recording of allergy incidence during the 3-day treatment course. This statement concerns allergic reactions only and does not distinguish the two assessment periods."
R007,97950286,Lai,2017,"Efficacy and safety of topical diclofenac/menthol gel for ankle sprain: A randomized, double-blind, placebo- and active-controlled trial",Parallel groups,Acute ankle sprain,Pre-existing: Sprain,Intensity: NRS; Pain relief: Verbal report; Complete recovery from ankle pain and swelling: Verbal report,385,randomised,Mixed,Germany,EUR,Gel,3% menthol (basis not reported) [Purpose: Therapeutic]; 0.09% menthol (basis not reported) [Purpose: Masking/control],Sprained ankle,Diclofenac; Paracetamol rescue medication,"1% diclofenac/0.09% masking menthol gel, 4 g four times daily [Therapeutic: Diclofenac]; 3% menthol gel, 4 g four times daily [Therapeutic: Menthol]; Placebo gel containing 0.09% menthol, 4 g four times daily [Control: Nominal placebo/masking]",60,36,13,Retrospective,Events reported,"Safety was assessed from the first visit through 6 (±1) days after treatment completion. With 1% diclofenac/3% menthol, 43/117 patients had 80 treatment-emergent adverse events, including 69 treatment-related events in 40 patients. With 3% menthol, 22/77 patients had 41 events, including 28 treatment-related events in 18 patients. In the masking-menthol comparator groups, 1% diclofenac/0.09% menthol had 37 events in 26/112 patients, and placebo/0.09% menthol had 20 events in 17/75 patients. Reported events included application-site dryness, pain, pruritus, and erythema, dry skin, pruritus, erythema, and headache. Two combination-arm patients experienced three severe, treatment-related events: application-site vesicles and necrosis in one patient, and hypersensitivity in another. All other events were mild or moderate, and no serious adverse events were reported. Figure 1 attributes non-completion to adverse events in 10 combination-arm, 3 diclofenac-arm, and 3 menthol-arm patients, with none listed for placebo."
R008,98396981,Melli,2007,"A randomized trial of peppermint gel, lanolin ointment, and placebo gel to prevent nipple crack in primiparous breastfeeding women",Parallel groups,Nipple pain during breastfeeding,Pre-existing: Breastfeeding,Intensity: Verbal report,216,randomised,Female,Iran,EMR,Gel,"0.2% peppermint oil (v/w, menthol concentration not established) [Purpose: Therapeutic]",Nipples; Areolae,Breastfeeding education; Nipple-care instructions,Purified lanolin ointment [Therapeutic: Lanolin]; Placebo gel using the same base formulation without peppermint oil [Control: Nominal placebo/masking],0,0,0,No sufficiently matched public registry record located,Events reported,"One peppermint-group mother withdrew because of breast infection during follow-up. The arm contained 72 randomised mothers, but a safety denominator, exact event onset, and causal attribution were not separately reported. Breast infection also caused one lanolin-group and five placebo-group withdrawals. The Results section reports mastitis in 2/53 placebo-treated mothers and none treated with peppermint or modified lanolin. Its relationship to the earlier infection-related withdrawals is unexplained, so this does not establish an overall absence of adverse events."
R009,98399167,Sayyah Melli,2007,Effect of peppermint water on prevention of nipple cracks in lactating primiparous women: a randomized controlled trial,Parallel groups,Nipple pain during breastfeeding,Pre-existing: Breastfeeding,Presence: Verbal report; Intensity: Verbal report,196,randomised,Female,Iran,EMR,Solution,NI,Nipples; Areolae,Standardised breastfeeding education with face-to-face demonstrations; Nipple washing with water after breastfeeding and before the next feed,Expressed breast milk applied after each breastfeed from postpartum day 1 to day 14 [Therapeutic: Breast milk],1,1,1,Retrospective,Limited or unclear information,"Eight mothers were excluded because of infant illness: four at visit 2 in each of the peppermint-water and expressed-breast-milk groups (Figure 1). Illness diagnoses, exact onset, severity, actual infant exposure, and causal attribution were not reported. These were infant illnesses, not reported maternal illnesses. Another four mothers per arm were lost before the first telephone call without a reported health-related reason. Six expressed-breast-milk mothers ceased breastfeeding because of severe nipple cracks. No clear overall statement of no adverse events was identified."
R010,98396999,Shanazi,2015,"Comparison of the Effects of Lanolin, Peppermint, and Dexpanthenol Creams on Treatment of Traumatic Nipples in Breastfeeding Mothers",Parallel groups,Nipple pain associated with traumatic nipples,Pre-existing: Breastfeeding,Intensity: Storr's scale,126,randomised,Female,Iran,EMR,Cream,"0.2% peppermint oil (basis not reported, menthol concentration not established) [Purpose: Therapeutic]",Nipples; Areolae; Forearms (sensitivity test),N/A,Pure lanolin cream without additives [Therapeutic: Lanolin]; Dexpanthenol cream containing 5% B complex analogue [Therapeutic: Dexpanthenol]; Pre-intervention assessment [Control: Pre-intervention baseline],4,3,1,Retrospective,Limited or unclear information,"Across all three cream groups, the authors report no sensitivity after an initial forearm application assessed after 24 hours. They also report no infant reactions to cream-coated nipples, continued breastfeeding without difficulty, and no associated complication. A further statement reports no statistically significant between-group difference in side effects, without event counts. These statements cover sensitivity and breastfeeding tolerability, not all adverse events. Treatment lasted two weeks, with a planned complication check after one week. No separate safety denominator is reported, and Figure 1 records no losses to follow-up."
R011,97950624,Taşcı,2023,The Effect of a Warm Menthol Oil Sitz Bath on Pain After Hemorrhoidectomy,Parallel groups,"Post-haemorrhoidectomy pain, including pain around first defecation",Pre-existing: Post-surgical,Intensity: NRS,64,allocated_or_enrolled,Mixed,Turkey,EUR,NI,NI,Anorectal region,"Warm-water sitz bath (30-40 °C, approximately 15 minutes); Enema; Intramuscular diclofenac (Dicloron)","Warm-water sitz bath without added menthol oil, with shared postoperative care [Control: No treatment]; Before the 4-hour sitz bath [Control: Pre-intervention baseline]; Before the post-defecation sitz bath [Control: Pre-intervention baseline]; Before the 18-hour sitz bath [Control: Pre-intervention baseline]",5,5,5,No sufficiently matched public registry record located,NI,NI
R012,97950239,Wade,2019,"Comparison of diclofenac gel, ibuprofen gel, and ibuprofen gel with levomenthol for the topical treatment of pain associated with musculoskeletal injuries",Parallel groups,Strains; Sprains; Sports injuries; Muscular aches; Bruising or soft-tissue injuries,Pre-existing: Musculoskeletal; Pre-existing: Sprain,Intensity: NRS; Time to significant pain relief: NRS; Global pain relief: NRS,182,randomised,Mixed,United Kingdom,EUR,Gel,3% menthol (w/w) [Purpose: Therapeutic],Skin over the soft-tissue injury,Ibuprofen 5% w/w,"Ibuprofen 5% w/w gel without levomenthol, with 3% w/w purified water replacing levomenthol, shared ibuprofen and no added menthol [Control: Nominal placebo/masking]; Diclofenac 1.16% gel [Therapeutic: Diclofenac]; Pre-application baseline [Control: Pre-intervention baseline]",7,5,2,Prospective,Events reported,"One mild event of swelling to the feet and ankles was reported at follow-up in a 42-year-old woman receiving ibuprofen/levomenthol gel, judged unrelated to study medication. No adverse events were recorded during the two-hour clinic assessment. Telephone follow-up occurred 1–3 days later and was completed by 180 participants, with two ibuprofen-only participants missing follow-up. Across the study, Table 5 lists seven non-serious events, including the menthol-group event, and Table 6 lists one unrelated serious event in the diclofenac group requiring surgery for a fractured fibula. The only event judged definitely related to medication was mild red, itchy application-site skin in the diclofenac group. The conclusion reports no treatment-related adverse events with ibuprofen/levomenthol."
R013,97950175,Yaman,2021,The effects of Biofreeze and superficial heat on masticatory myofascial pain syndrome,Parallel groups,Chronic unilateral masticatory myofascial pain syndrome,Pre-existing: Myofascial pain,Intensity: VAS; Pain-free mouth opening: Ruler measurement; Oral health-related quality of life: OHIP-14,52,randomised,Mixed,Turkey,EUR,Gel,3.5% menthol (basis not reported) [Purpose: Therapeutic],Skin over the masseter muscles; Skin over the temporal muscles,N/A,Superficial moist heat using a hot-water-soaked towel [Therapeutic: Heat]; Pre-intervention baseline [Control: Pre-intervention baseline]; Follow-up without further application after day 7 [Control: No treatment],11,7,0,No sufficiently matched public registry record located,NI,NI
R014,97950319,Andersen,2016,"High-Concentration L-Menthol Exhibits Counter-Irritancy to Neurogenic Inflammation, Thermal and Mechanical Hyperalgesia Caused by Trans-cinnamaldehyde",Cross-over,Trans-cinnamaldehyde-evoked cutaneous pain; Cold-evoked pain; Heat-evoked pain; Pinprick-evoked pain,Induced: Chemical; Induced: Thermal; Induced: Pressure,Intensity: VAS; Quality: McGill PQ; Area: Pain drawing; Spatial distribution: Pain drawing; Threshold: Button press; Threshold: VAS; Area of secondary hyperalgesia: Verbal report; Time to peak pain: VAS,14,randomised,Mixed,Denmark,EUR,Solution,40% menthol (w/v) [Purpose: Therapeutic],Volar forearm,"Trans-cinnamaldehyde 10% (v/v); Ethanol vehicle (90%, possible sensory contribution)","10% trans-cinnamaldehyde in 90% ethanol without L-menthol, shared chemical pain induction and vehicle [Control: No treatment]; Pre-application baseline [Control: Pre-intervention baseline]",13,4,0,Retrospective,Limited or unclear information,"The authors state that topical cinnamaldehyde and L-menthol were well tolerated and produced no unexpected or unwanted side effects, giving local oedema and systemic reactions as examples. All enrolled participants completed the study. This statement concerns effects of application; the number assessed for adverse events, assessment method, and follow-up period are unspecified. It does not establish an overall absence of adverse events. The reported pain and hyperalgesia changes were planned experimental outcomes."
R015,97950432,Borhani Haghighi,2010,"Cutaneous application of menthol 10% solution as an abortive treatment of migraine without aura: a randomised, double-blind, placebo-controlled, crossed-over study",Cross-over,Migraine without aura,Pre-existing: Migraine,Intensity: VAS; Headache quality: NI,44,randomised,Mixed,Iran,EMR,Solution,10% menthol (basis not reported) [Purpose: Therapeutic]; 0.5% menthol (basis not reported) [Purpose: Masking/control],Forehead of the painful or more painful side; Temporal area of the painful or more painful side,Rest in a dark and quiet place,"0.5% menthol solution in ethanol, matched for colour and odour, applied twice 30 minutes apart [Control: Nominal placebo/masking]",8,6,2,No sufficiently matched public registry record located,Events reported,"After therapeutic menthol application, burning at the temples occurred in 8.3% of attacks, watery eyes in 5%, and headache aggravation attributed to menthol odour in 1.6%. Two patients, 5.7% of the 35-person intent-to-treat population, discontinued because of severe burning and headache aggravation, without a patient-by-event breakdown. Up to 48 hours, no considerable side effects were reported in 85% of drug-treated and 93.1% of placebo-treated attacks, with p = 0.13 for the comparison. The safety paragraph does not restate attack denominators or identify placebo event types."
R016,97950131,Fujii,2024,Menthol alleviates post-race elevations in muscle soreness and metabolic and respiratory stress during running,Cross-over,Post-race muscle soreness,Induced: Exercise,Intensity: LMS,13,allocated_or_enrolled,Male,Japan,WPR,Solution,4% menthol (basis not reported) [Purpose: Therapeutic],"Entire lower extremities, including the lower gluteal region, excluding feet",N/A,"No-race placebo solution, 1.5% dimethyl sulfoxide in 98.5% propylene glycol, without preceding races [Control: Nominal placebo/masking]; Post-race placebo solution, 1.5% dimethyl sulfoxide in 98.5% propylene glycol, following 1500-m and 3000-m races [Control: Nominal placebo/masking]",5,4,0,No sufficiently matched public registry record located,Limited or unclear information,"Two of 13 enrolled runners withdrew because of injuries. Injury type, timing relative to menthol exposure, treatment condition, and attribution were not reported. A preliminary experiment identified 4% as the maximum menthol concentration that did not induce pain or discomfort, but its sample size and observation period were not supplied. Neither statement establishes an overall absence of adverse events during the main study."
R017,97953121,Göbel,1996,Effektivität von Oleum menthae piperitae und von Paracetamol in der Therapie des Kopfschmerzes vom Spannungstyp,Cross-over,Tension-type headache,Pre-existing: Headache,Intensity: Verbal report; Headache-related disability: Verbal report; Headache frequency: NI,54,allocated_or_enrolled,Mixed,Germany,EUR,Solution,"10% peppermint oil (basis not reported, menthol concentration not established) [Purpose: Therapeutic]; NI (masking preparation)",Forehead; Temples,Paracetamol (1000 mg orally),"10% peppermint oil in ethanol (90%) plus oral paracetamol 1000 mg, combination treatment compared with peppermint monotherapy [Therapeutic: Menthol + Paracetamol]; Oral paracetamol 1000 mg plus topical ethanol (90%) containing masking peppermint oil (100 mg ad 100) [Therapeutic: Paracetamol]; 10% peppermint oil in ethanol (90%) plus matching oral placebo capsules, monotherapy comparator to combination treatment [Therapeutic: Menthol]; Topical ethanol (90%) containing masking peppermint oil (100 mg ad 100) plus matching oral placebo capsules [Control: Nominal placebo/masking]; Episode-specific baseline before study medication [Control: Pre-intervention baseline]",15,13,7,No sufficiently matched public registry record located,Explicitly no events reported,"The English summary states that patients reported no adverse events, and the results report no adverse events with the study preparations, without separating peppermint monotherapy, combination treatment, or placebo periods. Events were to be recorded during the study and queried at visits 1–5 days after each treatment phase. A separate safety denominator is not stated. Thirteen participants were excluded from analysis for missed follow-up or incomplete diaries, with no health-related reason reported."
R018,97950184,Peel,2023,"Topical application of isolated menthol and combined menthol-capsaicin creams: Exercise tolerance, thermal perception, pain, attentional focus and thermoregulation in the heat",Cross-over,Pain during exhaustive cycling in the heat,Induced: Exercise,Intensity: NRS,10,randomised,Mixed,United Kingdom,EUR,Cream,5% menthol (basis not reported) [Purpose: Therapeutic],Forehead; Left pectoralis major; Right trapezius; Right vastus lateralis,Cycling at 70% maximal power to exhaustion in 35 ± 1 °C and approximately 20% relative humidity; Fan cooling,"5% menthol cream and 0.025% capsaicin cream co-applied in a 1:1 ratio to separate equal sections of the application areas [Therapeutic: Menthol + Capsaicin]; Non-fragranced aqueous moisturiser, E45 Cream, without menthol or capsaicin [Control: Nominal placebo/masking]",1,1,0,No sufficiently matched public registry record located,Limited or unclear information,"Anecdotal participant feedback supported severe pain when the skin was exposed to the menthol-capsaicin combination, particularly during thermal challenge. This was not clearly distinguished from the planned pain outcome, and no event count, safety denominator, systematic adverse-event assessment, or overall no-event statement was reported. No adverse-event-related withdrawal or treatment change was reported."
R019,97950393,Sundstrup,2014,"Acute Effect of Topical Menthol on Chronic Pain in Slaughterhouse Workers with Carpal Tunnel Syndrome: Triple-Blind, Randomized Placebo-Controlled Trial",Cross-over,Chronic arm/hand pain with symptoms of carpal tunnel syndrome; General elbow and forearm pain,Pre-existing: Carpal tunnel; Pre-existing: Musculoskeletal,Intensity: VAS; Pain-related work disability: Verbal report; Pain frequency: NI; Global rating of change in pain: NRS,10,randomised,Mixed,Denmark,EUR,Gel,4% menthol (basis not reported) [Purpose: Therapeutic],Hand; Wrist; Forearm,Usual slaughterhouse work during the three-hour post-application observation,"Menthol-free placebo gel with menthol scent, camphor, botanical extracts, fragrance, and other formulation ingredients [Control: Nominal placebo/masking]; Pre-application pain during the menthol treatment period [Control: Pre-intervention baseline]",9,9,8,Prospective,Explicitly no events reported,"All participants completed the intervention, and none reported adverse events following either menthol or placebo application. All participants were asked about adverse events at 1, 2, and 3 hours after application on each treatment day. This statement covers only the three-hour observation periods."
R020,97950388,Topp,2013,The Effect of Either Topical Menthol or a Placebo on Functioning and Knee Pain Among Patients with Knee OA,Cross-over,Knee osteoarthritis pain,Pre-existing: Arthritis,Intensity: VAS; Intensity: WOMAC,20,randomised,Mixed,United States,AMR,Gel,3.5% menthol (basis not reported) [Purpose: Therapeutic],"Anterior and posterior affected knee, from the superior patella to the quadriceps insertion",Scheduled oral pain medication,"5 mL KY jelly placebo, primarily water, glycerin, and gluconolactone [Control: Nominal placebo/masking]; Preapplication assessment during the menthol treatment visit [Control: Pre-intervention baseline]",15,15,0,No sufficiently matched public registry record located,NI,NI
R021,97950208,Behm,2022,Menthol-Based Topical Analgesic Induces Similar Upper and Lower Body Pain Pressure Threshold Values: A Randomized Trial,Pre-post,Algometer-induced pressure pain,Induced: Pressure,Threshold: Verbal report,16,started_eligible_menthol_intervention,Mixed,Canada,AMR,NI,4% menthol (basis not reported) [Purpose: Therapeutic],Middle deltoid; Biceps brachii; Lateral epicondylar tendon; Quadriceps; Hamstrings; Gastrocnemius; Lumbosacral erector spinae; Patellar tendon; Achilles tendon,N/A,Pre-application assessment without topical analgesic [Control: Pre-intervention baseline],1,1,NI,Retrospective,NI,NI
R022,97950347,Fallon,2015,Cancer treatment-related neuropathic pain: proof of concept study with menthol—a TRPM8 agonist,Pre-post,Chemotherapy-induced peripheral neuropathic pain; Neuropathic scar pain (most frequently post-mastectomy); Neuropathic pain due to other causes; Von Frey monofilament stimulation; Noxious pin-prick stimulation,Pre-existing: Cancer treatment; Pre-existing: Post-surgical; Induced: Pressure,Intensity: BPI; Pain interference: BPI; Total pain and interference: BPI; Pain catastrophising: PCS; Neuropathic pain screening: LANSS; Intensity: NRS; Threshold: NI; Temporal summation: NRS; Pain response: NI,51,started_eligible_menthol_intervention,Mixed,United Kingdom,EUR,Cream,"1% menthol (w/w, converted from 10 g menthol in 1000 g cream) [Purpose: Therapeutic]",Affected painful area; Corresponding dermatomal region of spine,"Stable background analgesic medication (7 participants, agents not reported)",Pre-treatment assessment with existing analgesic medication where used [Control: Pre-intervention baseline]; Condition after stopping topical menthol [Control: No treatment],12,11,11,No sufficiently matched public registry record located,Events reported,"During topical menthol treatment, two patients discontinued because pain worsened, returning to baseline levels within two weeks of stopping, and one discontinued after developing brain metastases. Other early discontinuation reasons were dislike of the cream (2), difficulty applying it (2), perceived lack of benefit (1), and no reason supplied (2). The discussion states that there were no apparent side effects, which does not negate the reported health events and tolerability information. No separate safety denominator, detailed onset dates, or formal causal attribution is supplied."
R023,98397044,Göbel,1994,Effect of peppermint and eucalyptus oil preparations on neurophysiological and experimental algesimetric headache parameters,Cross-over,Pressure pain on the scalp (Cz); Pressure pain on the middle phalanx of the right middle finger; Heat pain on the forehead; Ischaemic headache in the pericranial musculature,Induced: Pressure; Induced: Thermal; Induced: Ischaemia,Intensity: NRS; Threshold: NRS; Supraliminal pain sensitivity: NRS,32,randomised,Male,Germany,EUR,Solution,"10% peppermint oil (w/w, menthol concentration not established) [Purpose: Therapeutic]; NI (preparations 3 and 4, trace peppermint oil)",Forehead; Temples,Ethanol,"Preparation 1 (LI1701), 10 g peppermint oil and 5 g eucalyptus oil, ethanol 90% to 100 g [Therapeutic: Menthol + Eucalyptus]; Preparation 2 (LI1702), 10 g peppermint oil and traces of eucalyptus oil, ethanol 90% to 100 g [Therapeutic: Menthol]; Preparation 3 (LI1703), traces of peppermint oil and 5 g eucalyptus oil, ethanol 90% to 100 g [Therapeutic: Eucalyptus]; Preparation 4 (placebo), traces of peppermint oil and eucalyptus oil, ethanol 90% to 100 g [Control: Nominal placebo/masking]; Preparation-specific pre-application baseline [Control: Pre-intervention baseline]",1,1,0,No sufficiently matched public registry record located,NI,NI
R024,97950681,Kamilya,2023,Clinical Effectiveness and Tolerability of 2% Menthol in Musculoskeletal Pain : A Pilot Observational Real-world Evidence Study,Single arm,Musculoskeletal pain,Pre-existing: Musculoskeletal,Intensity: VAS; Muscle soreness: Verbal report,81,started_eligible_menthol_intervention,Mixed,India,SEAR,Gel,2% menthol (basis not reported) [Purpose: Therapeutic],NI,NI,Day 0 before starting menthol gel [Control: Pre-intervention baseline],1,1,0,No sufficiently matched public registry record located,Explicitly no events reported,"The Safety section reports no adverse events observed during the study of twice-daily 2% menthol gel for approximately 7-10 days. The abstract uses the narrower wording of no significant adverse events, without reporting any contradictory event. The number assessed for adverse events and assessment method are not stated. No adverse-event-related withdrawal or treatment change is reported."
R025,97950242,Stefanelli,2019,Delayed-Onset Muscle Soreness and Topical Analgesic Alter Corticospinal Excitability of the Biceps Brachii,Parallel groups,Delayed-onset muscle soreness of the elbow flexors; Pressure pain,Induced: Exercise; Induced: Pressure,Threshold: Verbal report,27,randomised,Mixed,Canada,AMR,Gel,3.5% menthol (basis not reported) [Purpose: Therapeutic],Skin over the belly of the dominant biceps brachii,N/A,"Placebo gel (2 mL, same ingredients as Biofreeze except menthol, experiments A and B) [Control: Nominal placebo/masking]; Pregel baseline (experiment A, no DOMS) [Control: Pre-intervention baseline]; Pregel baseline (experiment B, 48 h after DOMS induction) [Control: Pre-intervention baseline]",5,5,4,No sufficiently matched public registry record located,NI,NI
R026,97950457,Wasner,2008,The Effect of Menthol on Cold Allodynia in Patients with Neuropathic Pain,Pre-post,"Neuropathic cold allodynia (polyneuropathy of unknown cause, diabetic polyneuropathy, post-traumatic saphenous neuralgia, postherpetic neuralgia, central poststroke pain); Ongoing neuropathic pain; Dynamic mechanical allodynia (cotton-swab brushing); Punctate hyperalgesia (166 mN von Frey hair pressure); Cold pain evoked by thermode cooling",Pre-existing: Neuropathic cold allodynia; Pre-existing: Postherpetic neuralgia; Induced: Pressure; Induced: Thermal,Ongoing pain: NI; Dynamic mechanical allodynia: NI; Punctate hyperalgesia: NI; Threshold: Button press,8,started_eligible_menthol_intervention,Mixed,Germany,EUR,Solution,"40% menthol (w/v, converted from 400 mg in 1 mL solution) [Purpose: Therapeutic]",Left foot; Left hand; Right foot; Left lower leg; Left cervical region,Gabapentin; Tramadol; Tilidin/naloxon; Metamizol; Amitriptyline; Oxycodone,Same neuropathic skin area before menthol application [Control: Pre-intervention baseline],4,2,1,No sufficiently matched public registry record located,NI,NI
R027,97950533,Yosipovitch,1996,"Effect of topically applied menthol on thermal, pain and itch sensations and biophysical properties of the skin",Pre-post,Cold-induced pain; Heat-induced pain,Induced: Thermal,Threshold: NI,18,started_eligible_menthol_intervention,Mixed,United States,AMR,Solution,"10% menthol (w/v, converted from 100 mg in 1 mL) [Purpose: Therapeutic]",Volar aspect of the upper forearm,Intracutaneous histamine dihydrochloride (100 µg in 1 mL normal saline),80% ethanol and 20% deionised water vehicle [Control: Nominal placebo/masking]; Pre-application baseline without histamine [Control: Pre-intervention baseline]; Histamine-only baseline before topical application [Control: Pre-intervention baseline],4,2,0,No sufficiently matched public registry record located,Events reported,"Following menthol application, 8 of 18 subjects complained of burning lasting up to 40 minutes, including 7 who also perceived cooling. Transepidermal water loss increased at 5 minutes, which the authors interpreted as irritation or altered stratum corneum permeability. No visible erythema was reported after menthol or alcohol application during this brief observation period. No health-related withdrawals or treatment changes were reported."
R028,97950483,Zhang,2006,The role of four natures of medicine in acupoint sticking therapy,Parallel groups,Primary dysmenorrhoea,Pre-existing: Dysmenorrhoea,Dysmenorrhoea symptom score: NI; Intensity: VAS,61,randomised,Female,China,WPR,Ground menthol,NI,Shenque (CV8) acupoint,N/A,"Capsaicin ointment plaster applied at Shenque (CV8) [Therapeutic: Capsaicin]; Commercial Tongjing Jiu Tieji dysmenorrhoea plaster, composition not reported [Therapeutic: NI]; Before-treatment assessment in the menthol group [Control: Pre-intervention baseline]",2,2,2,No sufficiently matched public registry record located,NI,NI
R029,98398620,Zhang,2008,Effects of Biofreeze and chiropractic adjustments on acute low back pain: a pilot study,Parallel groups,"Acute low back pain, including acute episodes of chronic low back pain",Pre-existing: Low back,Intensity: VAS; Back-pain-related disability: RMDQ,36,randomised,Mixed,United States,AMR,Gel,NI,"Low back, bilaterally from just above the tailbone to a few inches above the waistline",Diversified manual chiropractic adjustments,"Chiropractic adjustments only, no Biofreeze added [Control: No treatment]; Pre-treatment baseline before Biofreeze and chiropractic adjustments [Control: Pre-intervention baseline]",1,1,1,No sufficiently matched public registry record located,NI,NI
R030,97950306,Cortellini,2017,Topical Menthol for Treatment of Chemotherapy-induced Peripheral Neuropathy,Case report,Painful chemotherapy-induced peripheral neuropathy,Pre-existing: Cancer treatment,Intensity: NRS; Pain duration: NPSI; Tingling intensity: NPSI; Intensity: BPI; Pain interference: BPI,1,persons_described,Male,Italy,EUR,Cream,1% menthol (basis not reported) [Purpose: Therapeutic],Extremities (areas of sensory disturbance),5-Fluorouracil; Bevacizumab; Oxaliplatin,N/A,41,N/A,N/A,No sufficiently matched public registry record located,Limited or unclear information,"Around the fourth assessment, reduced adherence to menthol cream applications was reported as unrelated to side effects of the cream. Adherence recovered by cycle five. This statement concerns adherence and does not establish an overall absence of adverse events during menthol use. The reported worsening of pain interference is an outcome finding, not separately designated as an adverse event."
R031,97950508,Davies,2002,A novel treatment of postherpetic neuralgia using peppermint oil,Case report,Postherpetic neuralgia; Soft-brush-evoked mechanical allodynia; Von Frey hair-evoked mechanical hyperalgesia and hyperpathia; Hot pain-threshold stimuli; Cold pain-threshold stimuli,Pre-existing: Postherpetic neuralgia; Induced: Pressure; Induced: Thermal,Intensity: McGill PQ; Intensity: VAS; Intensity: NI; Hyperpathia: NI; Threshold: NI; Pain relief: Verbal report; Duration of pain relief: Verbal report; Pain on light touch: Verbal report; Intensity: Verbal report; Frequency: Verbal report,1,persons_described,Female,United Kingdom,EUR,Peppermint oil; Solution,10% menthol (basis not reported) [Purpose: Therapeutic]; NI (outpatient patch-test oil); approximately 2% menthol (basis not reported) [Purpose: Therapeutic],"Affected skin of the right breast and inner aspect of the upper arm, T2 dermatome; NI (outpatient patch test)",NI,"Pre-treatment clinical pain assessment [Control: Pre-intervention baseline]; Quantitative sensory testing 1 month before treatment [Control: Pre-intervention baseline]; Neat peppermint oil containing 10% menthol, reference for the almond-oil dilution [Therapeutic: Menthol]",15,N/A,N/A,No sufficiently matched public registry record located,Events reported,"The single patient reported immediate stinging lasting approximately 2 minutes after application at the 2-week follow-up. At the 8-week interview, she reported skin reddening beginning after 4 weeks of use. She was directed to replace neat oil with an almond-oil dilution containing approximately 2% menthol, which prevented reddening, although she still used neat oil when pain was particularly bad. The authors considered the reddening possibly early contact dermatitis. The initial patch test was negative, and she reported no systemic side effects at 2 weeks; neither statement covers all adverse events."
