column_name,definition,extraction_rule,format_or_allowed_values
record_id,Stable identifier for one included study.,"Assign the next unused identifier, starting with R001. Keep an existing study identifier unchanged when sorting or correcting the form. Additional arms, outcomes, periods, or companion reports do not receive separate study identifiers.","R followed by a positive integer, padded to three digits only when needed: R001 to R999, then R1000 onward. R000 and redundant leading zeroes are prohibited. Unique; blank, NI, and N/A prohibited."
eppi_record_id,Identifier for the included record in EPPI-Reviewer.,"Enter the identifier supplied from EPPI-Reviewer and retain it as text. The review author supplies future identifiers. Use N/A only when the study has no EPPI record. Do not invent an identifier or substitute record_id; if an existing identifier has not yet been supplied, leave the field unfinished for completion.","Digit-only text, or N/A for no EPPI record. Real identifiers must be unique; N/A may recur. Blank and NI prohibited in completed data."
first_author,First-author surname or group-author label used for the study citation.,"Read the first author from the article byline. Preserve compound surnames, spelling, and diacritics. Use the published group name for a group author. Resolve name order using the article citation or publisher metadata rather than a PDF filename.","Text; blank, NI, and N/A prohibited."
publication_year,Publication year of the included version of record.,"Read the year from the published article and its issue or publisher citation. Do not substitute an indexing, acceptance, PDF-filename, or online-first year for the included version-of-record year. Record any discrepancy in the evidence note.","Four digits; blank, NI, and N/A prohibited."
article_title,Published title of the included article.,"Transcribe the title from the article, checking publisher metadata if needed. Preserve wording and punctuation, normalising whitespace only.","Text; blank, NI, and N/A prohibited."
study_design,"Design of the complete eligible investigation, independent of any selected efficacy result.","Apply the investigation boundary in extraction_instructions.md to every scientific field. Classify the complete allocation structure, arms, and periods. Parallel groups use different participants in separate groups, which may be non-concurrent. Cross-over assigns the same participants different conditions across periods. Pre-post is organised around a before-and-after intervention comparison. Single arm is an uncontrolled one-group intervention trial. Case report is a clinical account of individual patients. Longitudinal outcomes alone do not turn a nominal single-arm trial into Pre-post; one uncontrolled group alone does not establish Single arm. Preserve allocation details in the evidence note. Use NI when the design cannot be established.","Values: Parallel groups; Cross-over; Pre-post; Single arm; Case report; NI
One value. N/A prohibited."
pain_type,Each distinct concise description of a pain condition or deliberately induced stimulus represented in the eligible investigation.,"Retain every eligible condition or stimulus once, in source order and using wording close to the article. Do not replace this description with a broad context category.",Text entries separated by '; '. Whole-cell NI or NI (<unresolved condition or stimulus>) allowed; N/A prohibited.
pain_contexts,Each distinct pain origin paired with its controlled clinical or experimental context.,Retain every eligible origin-context pair once in source order. Induced means the study deliberately creates the pain or threshold stimulus. Pre-existing means the pain exists or is expected independently of the menthol test exposure. Non-pain-specific sensory mapping alone does not establish pain induction. An unlisted context requires review of the dictionary and analysis before use.,"Origins: Induced; Pre-existing
Contexts: Arthritis; Breastfeeding; Cancer treatment; Carpal tunnel; Chemical; Dysmenorrhea; Electrical; Exercise; Headache; Hemodialysis treatment; Low back; Migraine; Musculoskeletal; Myofascial pain; Neuropathic cold allodynia; Post-surgical; Postherpetic neuralgia; Pressure; Sprain; Thermal; Ischaemia
Format: <origin>: <context>. Separate distinct pairs with '; '. Whole-cell NI allowed; NI is not a context or an additional entry beside known pairs. N/A prohibited."
pain_measurements,Each distinct pain-related construct paired with its measurement scale or response-method family.,"Retain all eligible construct-method pairs, including descriptive measures that do not qualify for efficacy counts. Intensity is the amount of pain experienced; Threshold is the stimulus level at which pain begins or reaches a defined point. For stimulus-threshold tests, record the participant response method, such as Verbal report or Button press, and keep apparatus and units in evidence. Use Threshold: NI if that response method is unidentified. An algometer reading alone is not Force measurement; that label applies to an explicitly force-defined pain-tolerance endpoint. Pain drawing requires a participant-completed anatomical chart or body map, not an examiner drawing or a mark on a VAS line. Use a supported generic response method when the instrument name is unreported. Keep other constructs close to the source. Retain explicitly labelled pain-related composites descriptively without inventing component content. The instructions define method abbreviations and explain the narrower efficacy outcome scope. An unlisted method requires rule review.","Methods: BPI; Button press; Force measurement; LANSS; LMS; McGill PQ; NPSI; NRS; ODI; OHIP-14; Pain drawing; PCS; RMDQ; Ruler measurement; Storr's scale; VAS; Verbal report; WOMAC; NI
Format: <construct>: <method>. Separate distinct pairs with '; '. <construct>: NI or whole-cell NI allowed; a bare NI cannot accompany known pairs. N/A prohibited."
sample_size,Design-appropriate number of unique participants in the complete eligible investigation.,"For a randomised parallel or cross-over investigation, prefer the number randomised, established from an explicit total, participant flow, or complete allocation accounting. Only if that count cannot be established may an explicitly reported enrolled count for the same eligible investigation be used. For a non-random controlled investigation, count those allocated or enrolled at its start; for a pre-post or single-arm investigation, those starting the eligible menthol intervention; for a case report, the persons described. Count each person once across eligible arms, experiments, and periods; count people, not clusters. Do not substitute screened, analysed, or completer counts. Include relevant eligible controls, but exclude people solely in a separable menthol pain-model reference component. A reference exposure on an eligible participant does not remove that person. Preserve total/component counts and their bases in evidence. Use NI if neither the governing count nor its permitted fallback is established.",Non-negative whole number or NI; N/A prohibited.
sample_size_basis,Denominator basis represented by sample_size.,"Use randomised for a supported randomised count; allocated_or_enrolled for the enrolled fallback in a randomised investigation or the governing count in a non-random controlled investigation; started_eligible_menthol_intervention for pre-post or single-arm investigations; and persons_described for case reports. Assess the complete eligible allocation structure: randomisation of only a subset does not make all eligible conditions randomised. Determine the governing basis even when sample_size is NI; for a randomised investigation with neither count established, retain randomised. Do not change the basis by adding a separate pain-model reference component.","Values: randomised; allocated_or_enrolled; started_eligible_menthol_intervention; persons_described
One value. Blank, NI, and N/A prohibited."
participant_sex,Sex category for the population represented by sample_size.,"Classify the governing study population as female only, male only, or containing more than one reported sex or gender category. Use NI when this cannot be established.","Values: Female; Male; Mixed; NI
One value. N/A prohibited."
country,Country or countries in which participants were enrolled or studied.,"Use, in order, an explicit conduct country or site; a named institution or site with an authoritative location lookup; a registry or protocol; and author affiliation only as a last resort. Record conduct location, not author nationality or publication origin. Use the preferred English name in who_country_regions.csv, retaining the source wording and any location inference in evidence. Retain each country once even if different names or abbreviations appear. Add one bare NI entry if an additional conduct country is unresolved alongside known countries. The instructions explain lookup coverage and how to handle an unmatched location.",Preferred names are in the country column of who_country_regions.csv. Separate entries with '; '. Bare NI may stand alone or accompany known countries; scoped NI and N/A prohibited.
who_region,World Health Organization region or regions derived from country.,"Map every known country using who_country_regions.csv, preserve country order, remove repeated regions, and propagate one NI for an unresolved country. Do not assign regions independently or silently change the dated mapping.","Values: AFR; AMR; SEAR; EUR; EMR; WPR; NI
Separate distinct codes with '; '. Store codes only. Bare NI stands alone or mirrors an unresolved country; N/A prohibited. Region names are defined in extraction_instructions.md."
pharmaceutical_form,Physical form in which each eligible topical menthol- or peppermint-containing preparation was applied.,"Where a separate carrier exists, classify the reported preparation using the form definitions in extraction_instructions.md, adapted from Barnes and colleagues. Where none exists, retain the listed source-supported non-vehicle form. Record each form once. Ground plant material is not an extract. Use Peppermint oil for explicitly neat oil, and Solution for its dilution in a separate oil carrier. An unlisted form requires review of the dictionary and analysis before use.","Values: Ointment; Cream; Gel; Lotion; Solution; Foam; Spray; Ground peppermint; Ground menthol; Peppermint oil
Separate distinct entries with '; '. Whole-cell NI or NI (<unresolved preparation>) allowed; N/A prohibited."
menthol_concentration,"Every distinct reported or reproducibly convertible menthol percentage for eligible topical preparations, linked to the reported purpose of menthol.","Retain points, ranges, and reproducible conversions with their bases and qualifications. Preserve peppermint/product percentages without treating them as menthol percentages; do not infer typical composition or invent range endpoints. Map each preparation to its concentration and menthol purpose before collapsing repeated identical values, bases, and qualifications. Therapeutic means intended or investigated as a therapeutic component, including in a comparator. Masking/control means menthol used for masking or a nominal placebo/control without a stated therapeutic role for that menthol; it does not include every comparator. The instructions explain clinical pain-effect investigations and separation of pain-model reference components. Do not infer purpose from dose size or overall arm labels. Both requires evidence of both purposes for the same value, basis, and qualification, within or across preparations. Keep Both if both purposes are evidenced even when another represented purpose is unclear; otherwise use purpose NI if any represented purpose remains unresolved. Preserve known purposes and preparation links in evidence. Unavailable concentration takes no tag and does not imply unknown purpose. Aggregate tags do not determine comparison eligibility. Retain masking/control preparations descriptively even when their findings are excluded.","Purpose labels: Therapeutic; Masking/control; Both; NI
Bases: w/w; w/v; v/v; v/w; basis not reported
Menthol format: [approximately ]<point or low-high>% menthol (<basis>[, <source qualification>]) [Purpose: <label>]. Product format: [approximately ]<point or low-high>% <product name> ([<basis>, ]menthol concentration not established[, <source qualification>]) [Purpose: <label>]. Optional parts are shown in square brackets here; only the Purpose brackets are written literally in a cell. Range endpoints must be in ascending order. A product name cannot be the word menthol alone.
Separate entries with '; '. Append one [Purpose: <label>] tag to every point, range, or product-percentage entry. Examples: 4% menthol (w/w) [Purpose: Therapeutic]; approximately 2% menthol (basis not reported) [Purpose: NI]; 2% menthol (w/w, converted from 2 g menthol in 100 g preparation) [Purpose: Therapeutic]; 1-5% menthol (basis not reported) [Purpose: Both]; 10% peppermint oil (menthol concentration not established) [Purpose: Masking/control]. Points and ranges may both be qualified as approximately when supported. Product percentages may use peppermint, peppermint oil, or the source-reported product name, with the explicit qualification menthol concentration not established. Preserve a reported product basis before that qualification and retain other source-supported qualifications in the parentheses. Further syntax examples: approximately 1-5% menthol (w/w) [Purpose: Therapeutic]; 1-5% peppermint oil (menthol concentration not established) [Purpose: Therapeutic]; 10% proprietary balm (w/w, menthol concentration not established) [Purpose: Therapeutic]. These illustrate formatting, not study findings. NI or NI (<preparation>) denotes unavailable concentration and takes no purpose tag. N/A prohibited."
application_site,Each distinct anatomical site of an eligible topical menthol or peppermint application.,"Prefer direct application wording. Contextual inference is allowed only when the procedure makes the site unambiguous; it need not repeat the anatomical name in the application sentence. Do not substitute the pain site merely because it is reported. Retain each site once, label inferences in evidence, and preserve uncertainty about extent without inventing wider coverage.","Concise text close to the source, with entries separated by '; '. Whole-cell NI or NI (<unresolved application>) allowed; N/A prohibited."
co_intervention,Each substantive outcome-relevant exposure delivered alongside menthol and common to the compared regimens in at least one eligible comparison.,"Remove the focal menthol and comparator components before deciding whether an exposure is common. Exclude inert masking/placebo components and additions confined to one arm. A shared trace masking component must be retained with its effect uncertain when the report explicitly raises a possible outcome contribution; masking purpose alone does not establish inertness. Do not infer unreported ingredients. Record each named co-intervention once. Use N/A only when evidence establishes that none applies anywhere, and NI when one may apply but usable information is insufficient.",Concise named entries separated by '; '. NI may stand alone or accompany named entries as bare NI or NI (<unresolved co-intervention>). Whole-cell N/A must stand alone.
comparator,"Every distinct eligible comparator regimen, with its description, reported intended role, and controlled type linked in one entry.","Create one profile per distinct regimen. Collapse repetition across outcomes, models, times, or analyses, but retain distinct arms, formulations, doses, routes, timings, and scientifically distinct baseline occasions. Different measurement methods alone do not create different regimens. Classify the whole comparator relative to topical menthol after separating a genuinely shared substantive co-intervention, retaining that context in the description or evidence. Therapeutic denotes an intended or investigated therapeutic alternative; Control denotes a nominal placebo/masking or listed reference condition. Neither proves activity or inactivity. Use source role and methods, not ingredient presence, dose size, or assumed effective thresholds. Menthol is a therapeutic type only when its role is therapeutic. Keep masking menthol in the description, including where another ingredient makes the comparator Therapeutic. A eucalyptus regimen with masking peppermint therefore retains Eucalyptus without automatically adding Menthol. Usual care is a reference condition, distinct from shared background care or a deliberately contrasted therapeutic alternative. Keep each multicomponent regimen together with all applicable therapeutic types. Whole-regimen role, menthol purpose, and comparison eligibility remain separate judgements. Preserve partial information, source limitations, and ingredients; do not guess an unresolved role. Apply the investigation boundary and retain descriptive coverage even when a finding is ineligible.","Control types: Nominal placebo/masking; No treatment; Pre-intervention baseline; Usual care
Therapeutic types: Breast milk; Heat; Ice; Lanolin; Rosemary; Menthol; Diclofenac; Dexpanthenol; Paracetamol; Capsaicin; Eucalyptus
Format: <description> [Therapeutic: <type>] or <description> [Control: <type>]. Join types within one regimen with ' + ' and profiles with '; '. Partial examples: NI [Control: Nominal placebo/masking] or <description> [Therapeutic: NI]. Type NI stands alone within its profile. Whole-cell NI or a separate NI (<unresolved regimen>) is allowed; bare NI cannot accompany known profiles. Whole-cell N/A means no eligible comparator and stands alone. Repeated profiles or types, including profiles with reordered types, are prohibited."
efficacy_result_count,Confirmed minimum number of distinct explicitly reported eligible comparisons and descriptive case-report pain findings.,"Use the primary article and formal supplements. Apply the investigation, outcome, treatment-component, explicit-reporting, and grouping rules in extraction_instructions.md in that order, then count the confirmed inventory. Comparative wording, labels, annotations, or statistical results may establish a finding; separate arm values or study design alone cannot. Significance, a numerical estimate, precision, and exact timing are not prerequisites. Count only eligible menthol/peppermint therapeutic-purpose findings, with the stated descriptive-case exception. Keep genuinely distinct findings; group repeated presentations and alternative analyses of the same comparison. Preserve possible additions, uncertain duplication, source gaps, exclusions, and checking attempts in the evidence note. Retain confirmed positive counts despite uncertainty about additions. Use 0 only after adequate checking establishes none, and NI only when neither a confirmed positive count nor a supported zero is established. Missing estimates or precision do not remove a finding. A zero count does not mean no analgesic effect or an ineligible study. Inclusion does not establish causality.","Non-negative whole number or NI; blank and N/A prohibited. A numeric value equals the confirmed grouped inventory size, including 0. Assess other fields independently."
efficacy_effect_estimate_count,Confirmed number of counted comparisons with at least one usable reported or directly calculable effect estimate.,"Assess the same confirmed inventory and count each comparison once. A compatible reported analysis representation or supported direct calculation can establish availability but cannot create a comparison. Keep its inputs, units, population, occasion, formula, and source. Do not model, impute, digitise graphs, or assume unreported information. A p value, test statistic, direction, or qualitative statement alone is insufficient; a numerical zero is an available estimate. Clearly labelled graphical contrast estimates count as reported without reading off their magnitudes or requiring printed numerical labels. Separate arm plots do not create comparisons. Missing precision does not remove an estimate. Retain confirmed availability despite unresolved entries; use 0 only after adequate negative checking, and NI only when neither a positive count nor a supported zero is established. Use N/A for descriptive case reports, independently of their result count; numerical observations or calculable changes may still be documented.","Non-negative whole number, NI, or descriptive-case-report N/A. Numeric count equals confirmed estimate-available inventory entries and cannot exceed a numeric efficacy_result_count. Case reports require N/A in both availability fields. Non-case result count 0 requires both availability counts 0; estimate count 0 requires precision count 0. No automatic NI propagation. Blank prohibited."
efficacy_effect_estimate_with_precision_count,"Confirmed number of counted comparisons with a usable estimate and its matching, design-appropriate precision.","Count a comparison once when one permitted analysis representation supplies both its estimate and matching confidence interval, standard error, or variance, reported or directly calculable from compatible information. Match analysis, effect, population, occasion, and design; do not exchange estimates and intervals between final/change or adjusted/unadjusted analyses. No modelling, imputation, graph digitisation, or unreported assumptions. Separate arm/time-point standard deviations alone do not supply paired-change or crossover precision; a p value alone is insufficient, and omnibus tests cannot supply individual-contrast precision. Retain unusable-interval limitations without deleting the comparison or available estimate. This assesses information availability, not general risk of bias or preferred estimates for synthesis. Retain confirmed availability despite uncertain additions; use 0 after adequate negative checking and NI only when neither a positive count nor a supported zero is established. Every precision-qualified comparison must have an available estimate. Apply the further safeguards in extraction_instructions.md.","Non-negative whole number, NI, or descriptive-case-report N/A. Where numeric, precision <= estimates <= results; positive precision requires positive confirmed estimate and result counts. In non-case studies, result count 0 or estimate count 0 requires precision 0. No automatic NI cascade. N/A is required in both availability fields together for descriptive case reports, independently of their result count. Blank prohibited."
study_registration,Public study-registration status and timing relative to first participant enrolment.,"Follow the documented registry-search procedure in extraction_instructions.md. Match using identifiers, title, intervention, investigators, sites, dates, and sample characteristics. Prefer the first submission date. Prospective means registration before the supported first-enrolment period; Retrospective means after enrolment began or explicitly while recruiting. Preserve partial-date uncertainty. Use the qualified no-match label after the documented search, never as proof that registration did not occur. Use NI when a match exists but timing is unresolved or the search cannot establish classification.","Values: Prospective; Retrospective; No sufficiently matched public registry record located; NI
One value. Blank and N/A prohibited."
adverse_event_reporting,"Study-level adverse-event reporting across all eligible topical-menthol groups and exposure periods, including combination treatments.","Check adverse events, tolerability, and relevant withdrawal or treatment-change information in the primary article and formal supplements. Events reported means any documented event during eligible menthol exposure, regardless of attribution, and overrides negative statements. Explicitly no events reported requires a clear overall zero covering relevant menthol groups and the reported observation period without contradictory events. Use Limited or unclear information for tolerability-only, event-specific or treatment-related-only negatives, incomplete coverage, conflicts, uncertain exposure timing, or comparator-only reporting. Use NI only when no relevant information is identified. Ordinary planned pain outcomes are not automatically adverse events; general pharmacological background is not participant safety reporting. Non-adherence or withdrawal without a reported health-related reason is not itself adverse-event information.","Values: Events reported; Explicitly no events reported; Limited or unclear information; NI
One value. Blank and N/A prohibited, including case reports."
adverse_event_details,"Concise account of adverse-event information and its treatment, population, and observation scope.","Summarise relevant events, negative or qualified statements, and conflicts. Label different menthol regimens, combination treatments, periods, and comparator-only information. Retain reported event types, numbers, units/denominators, timing, withdrawals or treatment changes, and investigator attribution. Do not invent counts, rates, denominators, causality, or broader negative findings. Do not substitute overall sample size for an unstated safety denominator.","Readable text, usually a few sentences, or NI. NI if and only if adverse_event_reporting is NI; every other status requires substantive details. Blank and N/A prohibited."
