country,country_code,who_region,who_region_name,source_country_name,aliases
Aruba,ABW,AMR,Region of the Americas,Aruba,
Afghanistan,AFG,EMR,Eastern Mediterranean Region,Afghanistan,
Angola,AGO,AFR,African Region,Angola,
Anguilla,AIA,AMR,Region of the Americas,Anguilla,
Albania,ALB,EUR,European Region,Albania,
Andorra,AND,EUR,European Region,Andorra,
United Arab Emirates,ARE,EMR,Eastern Mediterranean Region,United Arab Emirates,
Argentina,ARG,AMR,Region of the Americas,Argentina,
Armenia,ARM,EUR,European Region,Armenia,
American Samoa,ASM,WPR,Western Pacific Region,American Samoa,
Antigua and Barbuda,ATG,AMR,Region of the Americas,Antigua and Barbuda,
Australia,AUS,WPR,Western Pacific Region,Australia,
Austria,AUT,EUR,European Region,Austria,
Azerbaijan,AZE,EUR,European Region,Azerbaijan,
Burundi,BDI,AFR,African Region,Burundi,
Belgium,BEL,EUR,European Region,Belgium,
Benin,BEN,AFR,African Region,Benin,
"Bonaire, Saint Eustatius and Saba",BES,AMR,Region of the Americas,"Bonaire, Saint Eustatius and Saba",
Burkina Faso,BFA,AFR,African Region,Burkina Faso,
Bangladesh,BGD,SEAR,South-East Asia Region,Bangladesh,
Bulgaria,BGR,EUR,European Region,Bulgaria,
Bahrain,BHR,EMR,Eastern Mediterranean Region,Bahrain,
Bahamas,BHS,AMR,Region of the Americas,Bahamas,
Bosnia and Herzegovina,BIH,EUR,European Region,Bosnia and Herzegovina,
Belarus,BLR,EUR,European Region,Belarus,
Belize,BLZ,AMR,Region of the Americas,Belize,
Bermuda,BMU,AMR,Region of the Americas,Bermuda,
Bolivia (Plurinational State of),BOL,AMR,Region of the Americas,Bolivia (Plurinational State of),
Brazil,BRA,AMR,Region of the Americas,Brazil,
Barbados,BRB,AMR,Region of the Americas,Barbados,
Brunei Darussalam,BRN,WPR,Western Pacific Region,Brunei Darussalam,
Bhutan,BTN,SEAR,South-East Asia Region,Bhutan,
Botswana,BWA,AFR,African Region,Botswana,
Central African Republic,CAF,AFR,African Region,Central African Republic,
Canada,CAN,AMR,Region of the Americas,Canada,
Switzerland,CHE,EUR,European Region,Switzerland,
Chile,CHL,AMR,Region of the Americas,Chile,
China,CHN,WPR,Western Pacific Region,China,
Cote d'Ivoire,CIV,AFR,African Region,Cote d'Ivoire,
Cameroon,CMR,AFR,African Region,Cameroon,
Democratic Republic of the Congo,COD,AFR,African Region,Democratic Republic of the Congo,
Congo,COG,AFR,African Region,Congo,
Cook Islands,COK,WPR,Western Pacific Region,Cook Islands,
Colombia,COL,AMR,Region of the Americas,Colombia,
Comoros,COM,AFR,African Region,Comoros,
Cabo Verde,CPV,AFR,African Region,Cabo Verde,
Costa Rica,CRI,AMR,Region of the Americas,Costa Rica,
Cuba,CUB,AMR,Region of the Americas,Cuba,
Curaçao,CUW,AMR,Region of the Americas,Curaçao,
Cayman Islands,CYM,AMR,Region of the Americas,Cayman Islands,
Cyprus,CYP,EUR,European Region,Cyprus,
Czechia,CZE,EUR,European Region,Czechia,
Germany,DEU,EUR,European Region,Germany,
Djibouti,DJI,EMR,Eastern Mediterranean Region,Djibouti,
Dominica,DMA,AMR,Region of the Americas,Dominica,
Denmark,DNK,EUR,European Region,Denmark,
Dominican Republic,DOM,AMR,Region of the Americas,Dominican Republic,
Algeria,DZA,AFR,African Region,Algeria,
Ecuador,ECU,AMR,Region of the Americas,Ecuador,
Egypt,EGY,EMR,Eastern Mediterranean Region,Egypt,
Eritrea,ERI,AFR,African Region,Eritrea,
Spain,ESP,EUR,European Region,Spain,
Estonia,EST,EUR,European Region,Estonia,
Ethiopia,ETH,AFR,African Region,Ethiopia,
Finland,FIN,EUR,European Region,Finland,
Fiji,FJI,WPR,Western Pacific Region,Fiji,
Falkland Islands (Malvinas),FLK,AMR,Region of the Americas,Falkland Islands (Malvinas),
France,FRA,EUR,European Region,France,
Faroe Islands,FRO,EUR,European Region,Faroe Islands,
Micronesia (Federated States of),FSM,WPR,Western Pacific Region,Micronesia (Federated States of),
Gabon,GAB,AFR,African Region,Gabon,
United Kingdom,GBR,EUR,European Region,United Kingdom of Great Britain and Northern Ireland,UK
Georgia,GEO,EUR,European Region,Georgia,
Ghana,GHA,AFR,African Region,Ghana,
Gibraltar,GIB,EUR,European Region,Gibraltar,
Guinea,GIN,AFR,African Region,Guinea,
Guadeloupe,GLP,AMR,Region of the Americas,Guadeloupe,
Gambia,GMB,AFR,African Region,Gambia,
Guinea-Bissau,GNB,AFR,African Region,Guinea-Bissau,
Equatorial Guinea,GNQ,AFR,African Region,Equatorial Guinea,
Greece,GRC,EUR,European Region,Greece,
Grenada,GRD,AMR,Region of the Americas,Grenada,
Greenland,GRL,EUR,European Region,Greenland,
Guatemala,GTM,AMR,Region of the Americas,Guatemala,
French Guiana,GUF,AMR,Region of the Americas,French Guiana,
Guam,GUM,WPR,Western Pacific Region,Guam,
Guyana,GUY,AMR,Region of the Americas,Guyana,
Honduras,HND,AMR,Region of the Americas,Honduras,
Croatia,HRV,EUR,European Region,Croatia,
Haiti,HTI,AMR,Region of the Americas,Haiti,
Hungary,HUN,EUR,European Region,Hungary,
Indonesia,IDN,WPR,Western Pacific Region,Indonesia,
Isle of Man,IMN,EUR,European Region,Isle of Man,
India,IND,SEAR,South-East Asia Region,India,
Ireland,IRL,EUR,European Region,Ireland,
Iran,IRN,EMR,Eastern Mediterranean Region,Iran (Islamic Republic of),
Iraq,IRQ,EMR,Eastern Mediterranean Region,Iraq,
Iceland,ISL,EUR,European Region,Iceland,
Israel,ISR,EUR,European Region,Israel,
Italy,ITA,EUR,European Region,Italy,
Jamaica,JAM,AMR,Region of the Americas,Jamaica,
Jordan,JOR,EMR,Eastern Mediterranean Region,Jordan,
Japan,JPN,WPR,Western Pacific Region,Japan,
Kazakhstan,KAZ,EUR,European Region,Kazakhstan,
Kenya,KEN,AFR,African Region,Kenya,
Kyrgyzstan,KGZ,EUR,European Region,Kyrgyzstan,
Cambodia,KHM,WPR,Western Pacific Region,Cambodia,
Kiribati,KIR,WPR,Western Pacific Region,Kiribati,
Saint Kitts and Nevis,KNA,AMR,Region of the Americas,Saint Kitts and Nevis,
Republic of Korea,KOR,WPR,Western Pacific Region,Republic of Korea,
Kuwait,KWT,EMR,Eastern Mediterranean Region,Kuwait,
Lao People's Democratic Republic,LAO,WPR,Western Pacific Region,Lao People's Democratic Republic,
Lebanon,LBN,EMR,Eastern Mediterranean Region,Lebanon,
Liberia,LBR,AFR,African Region,Liberia,
Libya,LBY,EMR,Eastern Mediterranean Region,Libya,
Saint Lucia,LCA,AMR,Region of the Americas,Saint Lucia,
Liechtenstein,LIE,EUR,European Region,Liechtenstein,
Sri Lanka,LKA,SEAR,South-East Asia Region,Sri Lanka,
Lesotho,LSO,AFR,African Region,Lesotho,
Lithuania,LTU,EUR,European Region,Lithuania,
Luxembourg,LUX,EUR,European Region,Luxembourg,
Latvia,LVA,EUR,European Region,Latvia,
Morocco,MAR,EMR,Eastern Mediterranean Region,Morocco,
Monaco,MCO,EUR,European Region,Monaco,
Republic of Moldova,MDA,EUR,European Region,Republic of Moldova,
Madagascar,MDG,AFR,African Region,Madagascar,
Maldives,MDV,SEAR,South-East Asia Region,Maldives,
Mexico,MEX,AMR,Region of the Americas,Mexico,
Marshall Islands,MHL,WPR,Western Pacific Region,Marshall Islands,
North Macedonia,MKD,EUR,European Region,North Macedonia,
Mali,MLI,AFR,African Region,Mali,
Malta,MLT,EUR,European Region,Malta,
Myanmar,MMR,SEAR,South-East Asia Region,Myanmar,
Montenegro,MNE,EUR,European Region,Montenegro,
Mongolia,MNG,WPR,Western Pacific Region,Mongolia,
Northern Mariana Islands,MNP,WPR,Western Pacific Region,Northern Mariana Islands,
Mozambique,MOZ,AFR,African Region,Mozambique,
Mauritania,MRT,AFR,African Region,Mauritania,
Montserrat,MSR,AMR,Region of the Americas,Montserrat,
Martinique,MTQ,AMR,Region of the Americas,Martinique,
Mauritius,MUS,AFR,African Region,Mauritius,
Malawi,MWI,AFR,African Region,Malawi,
Malaysia,MYS,WPR,Western Pacific Region,Malaysia,
Mayotte,MYT,AFR,African Region,Mayotte,
Namibia,NAM,AFR,African Region,Namibia,
New Caledonia,NCL,WPR,Western Pacific Region,New Caledonia,
Niger,NER,AFR,African Region,Niger,
Nigeria,NGA,AFR,African Region,Nigeria,
Nicaragua,NIC,AMR,Region of the Americas,Nicaragua,
Niue,NIU,WPR,Western Pacific Region,Niue,
Netherlands (Kingdom of the),NLD,EUR,European Region,Netherlands (Kingdom of the),
Norway,NOR,EUR,European Region,Norway,
Nepal,NPL,SEAR,South-East Asia Region,Nepal,
Naoero,NRU,WPR,Western Pacific Region,Naoero,
New Zealand,NZL,WPR,Western Pacific Region,New Zealand,
Oman,OMN,EMR,Eastern Mediterranean Region,Oman,
Pakistan,PAK,EMR,Eastern Mediterranean Region,Pakistan,
Panama,PAN,AMR,Region of the Americas,Panama,
Peru,PER,AMR,Region of the Americas,Peru,
Philippines,PHL,WPR,Western Pacific Region,Philippines,
Palau,PLW,WPR,Western Pacific Region,Palau,
Papua New Guinea,PNG,WPR,Western Pacific Region,Papua New Guinea,
Poland,POL,EUR,European Region,Poland,
Puerto Rico,PRI,AMR,Region of the Americas,Puerto Rico,
Democratic People's Republic of Korea,PRK,SEAR,South-East Asia Region,Democratic People's Republic of Korea,
Portugal,PRT,EUR,European Region,Portugal,
Paraguay,PRY,AMR,Region of the Americas,Paraguay,
"occupied Palestinian territory, including east Jerusalem",PSE,EMR,Eastern Mediterranean Region,"occupied Palestinian territory, including east Jerusalem",
French Polynesia,PYF,WPR,Western Pacific Region,French Polynesia,
Qatar,QAT,EMR,Eastern Mediterranean Region,Qatar,
Reunion,REU,AFR,African Region,Reunion,
Romania,ROU,EUR,European Region,Romania,
Russian Federation,RUS,EUR,European Region,Russian Federation,
Rwanda,RWA,AFR,African Region,Rwanda,
Saudi Arabia,SAU,EMR,Eastern Mediterranean Region,Saudi Arabia,
Sudan,SDN,EMR,Eastern Mediterranean Region,Sudan,
Sudan (former),SDN736,EMR,Eastern Mediterranean Region,Sudan (former),
Senegal,SEN,AFR,African Region,Senegal,
Singapore,SGP,WPR,Western Pacific Region,Singapore,
"St Helena, Ascension and Tristan da Cunha",SHN,AFR,African Region,"St Helena, Ascension and Tristan da Cunha",
Solomon Islands,SLB,WPR,Western Pacific Region,Solomon Islands,
Sierra Leone,SLE,AFR,African Region,Sierra Leone,
El Salvador,SLV,AMR,Region of the Americas,El Salvador,
San Marino,SMR,EUR,European Region,San Marino,
Somalia,SOM,EMR,Eastern Mediterranean Region,Somalia,
Saint Pierre and Miquelon,SPM,AMR,Region of the Americas,Saint Pierre and Miquelon,
Serbia,SRB,EUR,European Region,Serbia,
South Sudan,SSD,AFR,African Region,South Sudan,
Sao Tome and Principe,STP,AFR,African Region,Sao Tome and Principe,
Suriname,SUR,AMR,Region of the Americas,Suriname,
Slovakia,SVK,EUR,European Region,Slovakia,
Slovenia,SVN,EUR,European Region,Slovenia,
Sweden,SWE,EUR,European Region,Sweden,
Eswatini,SWZ,AFR,African Region,Eswatini,
Sint Maarten (Dutch part),SXM,AMR,Region of the Americas,Sint Maarten (Dutch part),
Seychelles,SYC,AFR,African Region,Seychelles,
Syrian Arab Republic,SYR,EMR,Eastern Mediterranean Region,Syrian Arab Republic,
Turks and Caicos Islands,TCA,AMR,Region of the Americas,Turks and Caicos Islands,
Chad,TCD,AFR,African Region,Chad,
Togo,TGO,AFR,African Region,Togo,
Thailand,THA,SEAR,South-East Asia Region,Thailand,
Tajikistan,TJK,EUR,European Region,Tajikistan,
Tokelau,TKL,WPR,Western Pacific Region,Tokelau,
Turkmenistan,TKM,EUR,European Region,Turkmenistan,
Timor-Leste,TLS,SEAR,South-East Asia Region,Timor-Leste,
Tonga,TON,WPR,Western Pacific Region,Tonga,
Trinidad and Tobago,TTO,AMR,Region of the Americas,Trinidad and Tobago,
Tunisia,TUN,EMR,Eastern Mediterranean Region,Tunisia,
Turkey,TUR,EUR,European Region,Türkiye,
Tuvalu,TUV,WPR,Western Pacific Region,Tuvalu,
United Republic of Tanzania,TZA,AFR,African Region,United Republic of Tanzania,
Uganda,UGA,AFR,African Region,Uganda,
Ukraine,UKR,EUR,European Region,Ukraine,
Uruguay,URY,AMR,Region of the Americas,Uruguay,
United States,USA,AMR,Region of the Americas,United States of America,USA
Uzbekistan,UZB,EUR,European Region,Uzbekistan,
Saint Vincent and the Grenadines,VCT,AMR,Region of the Americas,Saint Vincent and the Grenadines,
Venezuela (Bolivarian Republic of),VEN,AMR,Region of the Americas,Venezuela (Bolivarian Republic of),
British Virgin Islands,VGB,AMR,Region of the Americas,British Virgin Islands,
Virgin Islands (USA),VIR,AMR,Region of the Americas,Virgin Islands (USA),
Viet Nam,VNM,WPR,Western Pacific Region,Viet Nam,
Vanuatu,VUT,WPR,Western Pacific Region,Vanuatu,
Wallis and Futuna Islands,WLF,WPR,Western Pacific Region,Wallis and Futuna Islands,
Samoa,WSM,WPR,Western Pacific Region,Samoa,
Yemen,YEM,EMR,Eastern Mediterranean Region,Yemen,
South Africa,ZAF,AFR,African Region,South Africa,
Zambia,ZMB,AFR,African Region,Zambia,
Zimbabwe,ZWE,AFR,African Region,Zimbabwe,
